{
    "cam_fov": 43.400107013100154,
    "cam_pos": [
        0.00012233631858171354,
        0.004728363469816028,
        -0.0007806134621496867
    ],
    "cam_orn": [
        0.04219232316903609,
        0.029434409454701462,
        0.025268432891092703
    ],
    "gripper_joint_ul": 0.04434536276192465,
    "rest_pose": [
        -1.57079633,
        0.6981317,
        0,
        -1.3962634,
        0,
        1.04719755,
        0,
        0,
        0.04,
        0.04,
        0.0
    ],
    "datetime": "2020-10-28 17:26:16.330854"
}
