{
    "cam_fov": 4.28203416e+01,
    "cam_pos": [-2.88556779e-03, 5.08051446e-03, -1.61707552e-03],
    "cam_orn": [4.45241331e-02, 1.36660456e-02, -1.31802798e-02],
    "gripper_joint_ul": 0.0455,
    "rest_pose": [-1.57079633, 0.6981317, 0, -1.3962634, 0,
                   1.04719755, 0, 0, 0.0400, 0.0400, 0.0000],
    "datetime": "2020-01-01 12:00:00.000000"
}
